{
  "project_info": {
    "project_number": "467702468836",
    "project_id": "jallah-82bc6",
    "storage_bucket": "jallah-82bc6.firebasestorage.app"
  },
  "client": [
    {
      "client_info": {
        "mobilesdk_app_id": "1:467702468836:android:cfd6b3a2a4a09fe9cf9cf1",
        "android_client_info": {
          "package_name": "com.mycompany.jallah"
        }
      },
      "oauth_client": [],
      "api_key": [
        {
          "current_key": "AIzaSyALLH-POB6iUJXDc_G-JMSSiI9bo5AK7Mo"
        }
      ],
      "services": {
        "appinvite_service": {
          "other_platform_oauth_client": []
        }
      }
    }
  ],
  "configuration_version": "1"
}