{
  "project_info": {
    "project_number": "552062969342",
    "project_id": "jallah-i73011",
    "storage_bucket": "jallah-i73011.firebasestorage.app"
  },
  "client": [
    {
      "client_info": {
        "mobilesdk_app_id": "1:552062969342:android:849a0b2c52204388eaccaf",
        "android_client_info": {
          "package_name": "com.mycompany.jallah"
        }
      },
      "oauth_client": [],
      "api_key": [
        {
          "current_key": "AIzaSyCFYM9NFs9CmfV-64kP41axlra2ChOr_Lo"
        }
      ],
      "services": {
        "appinvite_service": {
          "other_platform_oauth_client": []
        }
      }
    }
  ],
  "configuration_version": "1"
}